"","PatientID","ER_status","Grade"
"1","Patient1","ER+","Grade3"
"2","Patient2","ER+","Grade2"
"3","Patient3","ER+","Grade1"
"4","Patient4","ER-","Grade3"
"5","Patient5","ER+","Grade3"
"6","Patient6","ER+","Grade3"
"7","Patient7","ER-","Grade3"
"8","Patient8","ER+","Grade3"
"9","Patient9","ER+","Grade1"
"10","Patient10","ER+","Grade2"
"11","Patient11","ER+","Grade3"
"12","Patient12","ER+","Grade1"
"13","Patient13","ER-","Grade3"
"14","Patient14","ER+","Grade2"
"15","Patient15","ER-","Grade2"
"16","Patient16","ER+","Grade2"
"17","Patient17","ER+","Grade3"
"18","Patient18","ER+","Grade3"
"19","Patient19","ER-","Grade3"
"20","Patient20","ER+","Grade3"
"21","Patient21","ER+","Grade2"
"22","Patient22","ER-","Grade3"
"23","Patient23","ER+","Grade3"
"24","Patient24","ER+","Grade3"
"25","Patient25","ER+","Grade3"
"26","Patient26","ER+","Grade3"
"27","Patient27","ER+","Grade3"
"28","Patient28","ER-","Grade3"
"29","Patient29","ER+","Grade2"
"30","Patient30","ER-","Grade3"
"31","Patient31","ER-","Grade3"
"32","Patient32","ER-","Grade2"
"33","Patient33","ER-","Grade3"
"34","Patient34","ER+","Grade3"
"35","Patient35","ER-","Grade3"
"36","Patient36","ER+","Grade3"
"37","Patient37","ER+","Grade3"
"38","Patient38","ER-","Grade2"
"39","Patient39","ER+","Grade3"
"40","Patient40","ER+","Grade2"
"41","Patient41","ER+","Grade2"
"42","Patient42","ER+","Grade2"
"43","Patient43","ER+","Grade3"
"44","Patient44","ER+","Grade2"
"45","Patient45","ER+","Grade2"
"46","Patient46","ER+","Grade2"
"47","Patient47","ER+","Grade1"
"48","Patient48","ER+","Grade1"
"49","Patient49","ER+","Grade2"
"50","Patient50","ER-","Grade3"
"51","Patient51","ER-","Grade3"
"52","Patient52","ER+","Grade2"
"53","Patient53","ER+","Grade1"
"54","Patient54","ER+","Grade3"
"55","Patient55","ER-","Grade3"
"56","Patient56","ER-","Grade3"
"57","Patient57","ER+","Grade1"
"58","Patient58","ER+","Grade3"
"59","Patient59","ER+","Grade3"
"60","Patient60","ER+","Grade1"
"61","Patient61","ER-","Grade3"
"62","Patient62","ER+","Grade3"
"63","Patient63","ER-","Grade3"
"64","Patient64","ER+","Grade2"
"65","Patient65","ER+","Grade3"
"66","Patient66","ER-","Grade2"
"67","Patient67","ER+","Grade3"
"68","Patient68","ER-","Grade2"
"69","Patient69","ER+","Grade2"
"70","Patient70","ER+","Grade3"
"71","Patient71","ER-","Grade3"
"72","Patient72","ER+","Grade1"
"73","Patient73","ER+","Grade3"
"74","Patient74","ER+","Grade3"
"75","Patient75","ER+","Grade1"
"76","Patient76","ER-","Grade3"
"77","Patient77","ER+","Grade2"
"78","Patient78","ER+","Grade1"
"79","Patient79","ER+","Grade1"
"80","Patient80","ER+","Grade3"
"81","Patient81","ER+","Grade3"
"82","Patient82","ER-","Grade3"
"83","Patient83","ER+","Grade3"
"84","Patient84","ER+","Grade3"
"85","Patient85","ER+","Grade1"
"86","Patient86","ER+","Grade2"
"87","Patient87","ER+","Grade1"
"88","Patient88","ER+","Grade3"
"89","Patient89","ER+","Grade3"
"90","Patient90","ER-","Grade2"
"91","Patient91","ER+","Grade2"
"92","Patient92","ER-","Grade3"
"93","Patient93","ER+","Grade2"
"94","Patient94","ER-","Grade3"
"95","Patient95","ER+","Grade3"
"96","Patient96","ER-","Grade3"
"97","Patient97","ER+","Grade1"
"98","Patient98","ER+","Grade1"
"99","Patient99","ER-","Grade3"
"100","Patient100","ER+","Grade2"
"101","Patient101","ER-","Grade2"
"102","Patient102","ER+","Grade2"
"103","Patient103","ER+","Grade1"
"104","Patient104","ER+","Grade2"
"105","Patient105","ER+","Grade1"
"106","Patient106","ER+","Grade3"
"107","Patient107","ER+","Grade2"
"108","Patient108","ER+","Grade1"
"109","Patient109","ER+","Grade2"
"110","Patient110","ER-","Grade2"
"111","Patient111","ER+","Grade1"
"112","Patient112","ER-","Grade1"
"113","Patient113","ER+","Grade2"
"114","Patient114","ER+","Grade3"
"115","Patient115","ER+","Grade2"
"116","Patient116","ER+","Grade3"
"117","Patient117","ER-","Grade3"
"118","Patient118","ER+","Grade3"
"119","Patient119","ER+","Grade3"
"120","Patient120","ER+","Grade1"
"121","Patient121","ER+","Grade3"
"122","Patient122","ER+","Grade1"
"123","Patient123","ER+","Grade1"
"124","Patient124","ER-","Grade2"
"125","Patient125","ER+","Grade3"
"126","Patient126","ER+","Grade1"
"127","Patient127","ER-","Grade3"
"128","Patient128","ER-","Grade3"
"129","Patient129","ER+","Grade3"
"130","Patient130","ER+","Grade1"
"131","Patient131","ER+","Grade1"
"132","Patient132","ER+","Grade2"
"133","Patient133","ER-","Grade3"
"134","Patient134","ER+","Grade1"
"135","Patient135","ER-","Grade3"
"136","Patient136","ER+","Grade3"
"137","Patient137","ER+","Grade3"
"138","Patient138","ER+","Grade3"
"139","Patient139","ER-","Grade3"
"140","Patient140","ER+","Grade2"
"141","Patient141","ER+","Grade1"
"142","Patient142","ER+","Grade1"
"143","Patient143","ER-","Grade3"
"144","Patient144","ER-","Grade3"
"145","Patient145","ER-","Grade3"
"146","Patient146","ER+","Grade1"
"147","Patient147","ER+","Grade3"
"148","Patient148","ER-","Grade3"
"149","Patient149","ER+","Grade2"
"150","Patient150","ER+","Grade3"
"151","Patient151","ER-","Grade3"
"152","Patient152","ER+","Grade2"
"153","Patient153","ER-","Grade3"
"154","Patient154","ER+","Grade2"
"155","Patient155","ER+","Grade1"
"156","Patient156","ER+","Grade3"
"157","Patient157","ER+","Grade3"
"158","Patient158","ER+","Grade3"
"159","Patient159","ER+","Grade1"
"160","Patient160","ER-","Grade3"
"161","Patient161","ER+","Grade2"
"162","Patient162","ER+","Grade1"
"163","Patient163","ER+","Grade2"
"164","Patient164","ER+","Grade1"
"165","Patient165","ER+","Grade3"
"166","Patient166","ER+","Grade2"
"167","Patient167","ER-","Grade3"
"168","Patient168","ER+","Grade1"
"169","Patient169","ER+","Grade3"
"170","Patient170","ER-","Grade3"
"171","Patient171","ER-","Grade3"
"172","Patient172","ER-","Grade3"
"173","Patient173","ER+","Grade1"
"174","Patient174","ER+","Grade3"
"175","Patient175","ER+","Grade2"
"176","Patient176","ER+","Grade1"
"177","Patient177","ER+","Grade2"
"178","Patient178","ER-","Grade3"
"179","Patient179","ER+","Grade1"
"180","Patient180","ER+","Grade2"
"181","Patient181","ER+","Grade1"
"182","Patient182","ER+","Grade2"
"183","Patient183","ER+","Grade1"
"184","Patient184","ER+","Grade3"
"185","Patient185","ER+","Grade2"
"186","Patient186","ER+","Grade2"
"187","Patient187","ER+","Grade2"
"188","Patient188","ER+","Grade2"
"189","Patient189","ER+","Grade3"
"190","Patient190","ER+","Grade1"
"191","Patient191","ER+","Grade2"
"192","Patient192","ER+","Grade1"
"193","Patient193","ER+","Grade1"
"194","Patient194","ER+","Grade2"
"195","Patient195","ER+","Grade1"
"196","Patient196","ER+","Grade3"
"197","Patient197","ER+","Grade2"
"198","Patient198","ER+","Grade1"
"199","Patient199","ER+","Grade2"
"200","Patient200","ER+","Grade1"
"201","Patient201","ER+","Grade3"
"202","Patient202","ER+","Grade2"
"203","Patient203","ER+","Grade1"
"204","Patient204","ER+","Grade1"
"205","Patient205","ER+","Grade2"
"206","Patient206","ER-","Grade3"
"207","Patient207","ER+","Grade2"
"208","Patient208","ER+","Grade2"
"209","Patient209","ER-","Grade3"
"210","Patient210","ER+","Grade2"
"211","Patient211","ER+","Grade2"
"212","Patient212","ER+","Grade2"
"213","Patient213","ER+","Grade2"
"214","Patient214","ER+","Grade1"
"215","Patient215","ER+","Grade2"
"216","Patient216","ER+","Grade1"
"217","Patient217","ER+","Grade3"
"218","Patient218","ER+","Grade3"
"219","Patient219","ER+","Grade2"
"220","Patient220","ER+","Grade2"
"221","Patient221","ER+","Grade1"
"222","Patient222","ER-","Grade3"
"223","Patient223","ER+","Grade1"
"224","Patient224","ER-","Grade3"
"225","Patient225","ER+","Grade2"
"226","Patient226","ER+","Grade1"
"227","Patient227","ER+","Grade1"
"228","Patient228","ER-","Grade3"
"229","Patient229","ER+","Grade1"
"230","Patient230","ER-","Grade3"
"231","Patient231","ER-","Grade3"
"232","Patient232","ER+","Grade2"
"233","Patient233","ER-","Grade3"
"234","Patient234","ER+","Grade1"
"235","Patient235","ER+","Grade1"
"236","Patient236","ER-","Grade3"
"237","Patient237","ER+","Grade2"
"238","Patient238","ER+","Grade2"
"239","Patient239","ER-","Grade2"
"240","Patient240","ER+","Grade2"
"241","Patient241","ER+","Grade1"
"242","Patient242","ER-","Grade1"
"243","Patient243","ER+","Grade2"
"244","Patient244","ER+","Grade2"
"245","Patient245","ER+","Grade1"
"246","Patient246","ER+","Grade2"
"247","Patient247","ER+","Grade2"
"248","Patient248","ER-","Grade1"
"249","Patient249","ER+","Grade3"
"250","Patient250","ER+","Grade2"
"251","Patient251","ER+","Grade2"
"252","Patient252","ER+","Grade3"
"253","Patient253","ER+","Grade2"
"254","Patient254","ER+","Grade1"
"255","Patient255","ER+","Grade1"
"256","Patient256","ER+","Grade1"
"257","Patient257","ER+","Grade2"
"258","Patient258","ER+","Grade1"
"259","Patient259","ER+","Grade1"
"260","Patient260","ER+","Grade3"
"261","Patient261","ER+","Grade2"
"262","Patient262","ER-","Grade2"
"263","Patient263","ER+","Grade2"
"264","Patient264","ER+","Grade2"
"265","Patient265","ER+","Grade2"
"266","Patient266","ER+","Grade2"
"267","Patient267","ER-","Grade2"
"268","Patient268","ER+","Grade1"
"269","Patient269","ER-","Grade2"
"270","Patient270","ER+","Grade2"
"271","Patient271","ER+","Grade1"
"272","Patient272","ER+","Grade3"
"273","Patient273","ER-","Grade3"
"274","Patient274","ER+","Grade3"
"275","Patient275","ER+","Grade1"
"276","Patient276","ER+","Grade2"
"277","Patient277","ER+","Grade2"
"278","Patient278","ER+","Grade2"
"279","Patient279","ER+","Grade3"
"280","Patient280","ER+","Grade2"
"281","Patient281","ER+","Grade2"
"282","Patient282","ER+","Grade3"
"283","Patient283","ER+","Grade1"
"284","Patient284","ER+","Grade2"
"285","Patient285","ER+","Grade2"
"286","Patient286","ER+","Grade1"
"287","Patient287","ER+","Grade2"
"288","Patient288","ER+","Grade2"
"289","Patient289","ER-","Grade3"
"290","Patient290","ER+","Grade2"
"291","Patient291","ER-","Grade3"
"292","Patient292","ER+","Grade2"
"293","Patient293","ER-","Grade1"
"294","Patient294","ER+","Grade1"
"295","Patient295","ER+","Grade1"
